Date;Day-ahead
16/01/2012;21.69
17/01/2012;21.19
18/01/2012;21.25
19/01/2012;20.88
20/01/2012;21.6
23/01/2012;21.98
24/01/2012;22.02
25/01/2012;22.05
26/01/2012;21.74
27/01/2012;22.81
30/01/2012;24.05
31/01/2012;24.05
01/02/2012;25.67
02/02/2012;26.6
03/02/2012;30.04
06/02/2012;35.5
07/02/2012;37.69
08/02/2012;26.5
09/02/2012;29.78
10/02/2012;28.48
13/02/2012;23.28
14/02/2012;23.35
15/02/2012;23.5
16/02/2012;23.79
17/02/2012;23.5
20/02/2012;23.18
21/02/2012;23.55
22/02/2012;24.06
23/02/2012;23.75
24/02/2012;23.8
27/02/2012;24.58
28/02/2012;23.44
29/02/2012;23.9
01/03/2012;23.25
02/03/2012;23.9
05/03/2012;23.92
06/03/2012;23.52
07/03/2012;23.67
08/03/2012;24.2
09/03/2012;24.28
12/03/2012;22.85
13/03/2012;24.2
14/03/2012;24.54
15/03/2012;23.9
16/03/2012;24.56
19/03/2012;24.95
20/03/2012;24.85
21/03/2012;24.49
22/03/2012;23.49
23/03/2012;21.41
26/03/2012;22.55
27/03/2012;23.21
28/03/2012;23.25
29/03/2012;23.56
30/03/2012;25.1
02/04/2012;25.28
03/04/2012;24.42
04/04/2012;24.7
05/04/2012;24.64
10/04/2012;24.46
11/04/2012;24.95
12/04/2012;25.12
13/04/2012;25.45
16/04/2012;25.2
17/04/2012;25.02
18/04/2012;24.55
19/04/2012;24.99
20/04/2012;24.8
23/04/2012;24.95
24/04/2012;24.25
25/04/2012;24.32
26/04/2012;24.4
27/04/2012;24.48
30/04/2012;25.15
01/05/2012;25.7
02/05/2012;25.15
03/05/2012;25.15
04/05/2012;25
08/05/2012;24.6
09/05/2012;24.8
10/05/2012;24.64
11/05/2012;25.02
14/05/2012;25.15
15/05/2012;24.67
16/05/2012;24.68
17/05/2012;24.55
18/05/2012;23.67
21/05/2012;23.26
22/05/2012;22.9
23/05/2012;23.05
24/05/2012;23.35
25/05/2012;22.9
28/05/2012;23.4
29/05/2012;23.75
30/05/2012;23.4
31/05/2012;22.7
01/06/2012;23.62
06/06/2012;23.85
07/06/2012;23.65
08/06/2012;23.62
11/06/2012;23.9
12/06/2012;24.06
13/06/2012;23.92
14/06/2012;23.9
15/06/2012;23.52
18/06/2012;23.85
19/06/2012;23.49
20/06/2012;23.79
21/06/2012;23.64
22/06/2012;23.76
25/06/2012;23.96
26/06/2012;24.04
27/06/2012;23.9
28/06/2012;23.83
29/06/2012;24.02
02/07/2012;24.25
03/07/2012;24.67
04/07/2012;24.8
05/07/2012;25.25
06/07/2012;25.19
09/07/2012;25.8
10/07/2012;24.92
11/07/2012;24.46
12/07/2012;24.5
13/07/2012;24.49
16/07/2012;24.6
17/07/2012;24.16
18/07/2012;24.04
19/07/2012;23.76
20/07/2012;24.1
23/07/2012;23.65
24/07/2012;23.86
25/07/2012;23.8
26/07/2012;24
27/07/2012;23.67
30/07/2012;23.85
31/07/2012;23.65
01/08/2012;23.65
02/08/2012;22.94
03/08/2012;23.01
06/08/2012;22.65
07/08/2012;23.45
08/08/2012;23.85
09/08/2012;23.83
10/08/2012;23.9
13/08/2012;24.7
14/08/2012;24.6
15/08/2012;24.1
16/08/2012;22.92
17/08/2012;24
20/08/2012;24.55
21/08/2012;24.5
22/08/2012;24.65
23/08/2012;24.6
24/08/2012;24.3
28/08/2012;24.64
29/08/2012;24.71
30/08/2012;24.9
31/08/2012;24.75
03/09/2012;26.1
04/09/2012;25.69
05/09/2012;25.88
06/09/2012;25.66
07/09/2012;25.51
10/09/2012;25.61
11/09/2012;25.88
12/09/2012;25.62
13/09/2012;25.95
14/09/2012;26.16
17/09/2012;25.92
18/09/2012;25.85
19/09/2012;25.59
20/09/2012;26.05
21/09/2012;25.74
24/09/2012;25.81
25/09/2012;25.59
26/09/2012;25.95
27/09/2012;25.55
28/09/2012;25.8
01/10/2012;26
02/10/2012;25.76
03/10/2012;25.98
04/10/2012;25.45
05/10/2012;26.24
08/10/2012;26.76
09/10/2012;26.64
10/10/2012;26.64
11/10/2012;26.34
12/10/2012;26.55
15/10/2012;26.31
16/10/2012;26.15
17/10/2012;26.2
18/10/2012;26.29
19/10/2012;26.6
22/10/2012;27.52
23/10/2012;27.59
24/10/2012;27.3
25/10/2012;27.12
26/10/2012;27.84
29/10/2012;28
30/10/2012;27.52
31/10/2012;27.1
01/11/2012;26.48
02/11/2012;27.15
05/11/2012;26.65
06/11/2012;27.15
07/11/2012;27.12
08/11/2012;26.91
09/11/2012;27.04
12/11/2012;27.05
13/11/2012;27.25
14/11/2012;27.05
15/11/2012;27.4
16/11/2012;27.39
19/11/2012;27.4
20/11/2012;27.58
21/11/2012;27.17
22/11/2012;27.4
23/11/2012;27.63
26/11/2012;27.49
27/11/2012;27.62
28/11/2012;27.6
29/11/2012;27.44
30/11/2012;27.52
03/12/2012;27.92
04/12/2012;28.1
05/12/2012;28.6
06/12/2012;28.2
07/12/2012;28.15
10/12/2012;28
11/12/2012;27.8
12/12/2012;27.69
13/12/2012;27.39
14/12/2012;27.45
17/12/2012;27.1
18/12/2012;27.38
19/12/2012;27.02
20/12/2012;26.95
21/12/2012;26.92
24/12/2012;26.46
27/12/2012;26.17
28/12/2012;25.9
31/12/2012;25.98
02/01/2013;25.6
03/01/2013;26.35
04/01/2013;26.45
07/01/2013;26.95
08/01/2013;27.15
09/01/2013;27.32
10/01/2013;26.94
11/01/2013;27.1
14/01/2013;26.95
15/01/2013;27.17
16/01/2013;27.55
17/01/2013;27.19
18/01/2013;26.45
21/01/2013;26.25
22/01/2013;27.02
23/01/2013;27
24/01/2013;25.9
25/01/2013;26.05
28/01/2013;25.88
29/01/2013;25.7
30/01/2013;25.42
31/01/2013;25.48
01/02/2013;25.72
04/02/2013;25.9
05/02/2013;25.95
06/02/2013;25.94
07/02/2013;26.2
08/02/2013;26.2
11/02/2013;26.06
12/02/2013;26.7
13/02/2013;26.35
14/02/2013;26.5
15/02/2013;26.2
18/02/2013;25.9
19/02/2013;25.95
20/02/2013;25.65
21/02/2013;26.65
22/02/2013;26.92
25/02/2013;28.12
26/02/2013;26.74
27/02/2013;26.9
28/02/2013;26.86
01/03/2013;27.04
04/03/2013;27.76
05/03/2013;26.95
06/03/2013;27.25
07/03/2013;27.3
08/03/2013;27.6
11/03/2013;32
12/03/2013;36.17
13/03/2013;32.85
14/03/2013;29.65
15/03/2013;28
18/03/2013;29.9
19/03/2013;31.8
20/03/2013;34.61
21/03/2013;32.99
22/03/2013;35.65
25/03/2013;41
26/03/2013;39.15
27/03/2013;36.45
28/03/2013;35.96
02/04/2013;31.5
03/04/2013;33.48
04/04/2013;32.89
05/04/2013;32.1
08/04/2013;29.08
09/04/2013;29.09
10/04/2013;27.75
11/04/2013;27.82
12/04/2013;27.38
15/04/2013;26.75
16/04/2013;26.99
17/04/2013;26.75
18/04/2013;26.65
19/04/2013;26.86
22/04/2013;26.65
23/04/2013;26.6
24/04/2013;26.59
25/04/2013;26.65
26/04/2013;26.7
29/04/2013;26.78
30/04/2013;26.67
01/05/2013;26.85
02/05/2013;26.46
03/05/2013;26.45
07/05/2013;26.4
08/05/2013;26.2
09/05/2013;26.4
10/05/2013;26.15
13/05/2013;26.34
14/05/2013;26.48
15/05/2013;26.45
16/05/2013;26.8
17/05/2013;26.65
20/05/2013;27.1
21/05/2013;27.14
22/05/2013;27.65
23/05/2013;27.46
24/05/2013;27.58
28/05/2013;26.96
29/05/2013;27.1
30/05/2013;26.49
31/05/2013;27.11
03/06/2013;26.7
04/06/2013;26.5
05/06/2013;26.38
06/06/2013;26.09
07/06/2013;26.24
10/06/2013;26.04
11/06/2013;26.19
12/06/2013;26.29
13/06/2013;26.3
14/06/2013;26.46
17/06/2013;26.08
18/06/2013;26.3
19/06/2013;26.45
20/06/2013;26.35
21/06/2013;26.42
24/06/2013;26
25/06/2013;26.15
26/06/2013;26.2
27/06/2013;25.92
28/06/2013;26
01/07/2013;26.34
02/07/2013;26.1
03/07/2013;26.41
04/07/2013;26.2
05/07/2013;26.08
08/07/2013;26.05
09/07/2013;26.3
10/07/2013;26.3
11/07/2013;26.22
12/07/2013;26.2
15/07/2013;25.98
16/07/2013;25.54
17/07/2013;26.08
18/07/2013;26.1
19/07/2013;25.81
22/07/2013;25.95
23/07/2013;26.09
24/07/2013;26.15
25/07/2013;25.9
26/07/2013;26.05
29/07/2013;25.89
30/07/2013;25.8
31/07/2013;25.65
01/08/2013;25
02/08/2013;25.11
05/08/2013;24.95
06/08/2013;25.58
07/08/2013;25.79
08/08/2013;25.82
09/08/2013;25.45
12/08/2013;25.15
13/08/2013;25.68
14/08/2013;25.7
15/08/2013;25.52
16/08/2013;25.71
19/08/2013;25.6
20/08/2013;25.45
21/08/2013;25.64
22/08/2013;25.6
23/08/2013;25.09
27/08/2013;25.3
28/08/2013;25.32
29/08/2013;25.38
30/08/2013;25.66
02/09/2013;25.92
03/09/2013;25.9
04/09/2013;25.88
05/09/2013;26.08
06/09/2013;26.3
09/09/2013;26.7
10/09/2013;26.65
11/09/2013;26.88
12/09/2013;26.95
13/09/2013;26.95
16/09/2013;26.6
17/09/2013;26.83
18/09/2013;27.02
19/09/2013;26.8
20/09/2013;26.98
23/09/2013;26.5
24/09/2013;26.15
25/09/2013;26.25
26/09/2013;26.31
27/09/2013;26.1
30/09/2013;25.94
01/10/2013;25.8
02/10/2013;25.77
03/10/2013;25.59
04/10/2013;25.9
07/10/2013;26.05
08/10/2013;26.29
09/10/2013;26.6
10/10/2013;26.55
11/10/2013;26.29
14/10/2013;26.71
15/10/2013;26.19
16/10/2013;25.72
17/10/2013;25.67
18/10/2013;25.68
21/10/2013;25.9
22/10/2013;25.75
23/10/2013;25.82
24/10/2013;25.45
25/10/2013;25.42
28/10/2013;25.3
29/10/2013;25.39
30/10/2013;26.15
31/10/2013;24.85
01/11/2013;25.99
04/11/2013;26.1
05/11/2013;26.65
06/11/2013;26
07/11/2013;25.89
08/11/2013;25.9
11/11/2013;26.32
12/11/2013;27.26
13/11/2013;27.16
14/11/2013;27.24
15/11/2013;27.4
18/11/2013;27.98
19/11/2013;27.82
20/11/2013;27.63
21/11/2013;27.84
22/11/2013;27.9
25/11/2013;27.88
26/11/2013;27.98
27/11/2013;28.25
28/11/2013;28.45
29/11/2013;27.98
02/12/2013;28.72
03/12/2013;29.26
04/12/2013;28.64
05/12/2013;28.49
06/12/2013;28.32
09/12/2013;27.62
10/12/2013;27.69
11/12/2013;27.56
12/12/2013;27.55
13/12/2013;27.25
16/12/2013;27.65
17/12/2013;27.68
18/12/2013;27.55
19/12/2013;27.66
20/12/2013;27.26
23/12/2013;26.94
24/12/2013;27.46
27/12/2013;27.15
30/12/2013;26.8
31/12/2013;26.58
02/01/2014;26.38
03/01/2014;26.28
06/01/2014;26.6
07/01/2014;26.5
08/01/2014;26.85
09/01/2014;26.7
10/01/2014;26.66
13/01/2014;26.25
14/01/2014;26.31
15/01/2014;26.26
16/01/2014;26.24
17/01/2014;26.25
20/01/2014;26.41
21/01/2014;26.46
22/01/2014;26.41
23/01/2014;26.35
24/01/2014;26.61
27/01/2014;25.85
28/01/2014;25.99
29/01/2014;25.84
30/01/2014;25.33
31/01/2014;25.04
03/02/2014;24.36
04/02/2014;24.29
05/02/2014;24.2
06/02/2014;24.45
07/02/2014;24.68
10/02/2014;24.55
11/02/2014;24.45
12/02/2014;24.84
13/02/2014;24.11
14/02/2014;23.92
17/02/2014;23.64
18/02/2014;23.72
19/02/2014;23.61
20/02/2014;23.51
21/02/2014;23
24/02/2014;22.99
25/02/2014;22.61
26/02/2014;22.9
27/02/2014;23.23
28/02/2014;22.71
03/03/2014;24.49
04/03/2014;23.54
05/03/2014;23.38
06/03/2014;23.78
07/03/2014;23.48
10/03/2014;23.38
11/03/2014;23.18
12/03/2014;23.2
13/03/2014;23.15
14/03/2014;23.78
17/03/2014;22.7
18/03/2014;22.55
19/03/2014;22.49
20/03/2014;22.1
21/03/2014;22
24/03/2014;22.54
25/03/2014;22.18
26/03/2014;22.15
27/03/2014;22.19
28/03/2014;20.8
31/03/2014;20.75
01/04/2014;19.95
02/04/2014;20.14
03/04/2014;19.3
04/04/2014;19.4
07/04/2014;20.9
08/04/2014;20.66
09/04/2014;20.95
10/04/2014;21.24
11/04/2014;20.6
14/04/2014;21.64
15/04/2014;21.49
16/04/2014;21.11
17/04/2014;20.6
22/04/2014;20
23/04/2014;19.56
24/04/2014;19.52
25/04/2014;19.8
28/04/2014;19.9
29/04/2014;19.68
30/04/2014;18.84
01/05/2014;18.7
02/05/2014;19.71
06/05/2014;18.78
07/05/2014;18.91
08/05/2014;19.51
09/05/2014;19.27
12/05/2014;19.45
13/05/2014;19.6
14/05/2014;19.34
15/05/2014;19.09
16/05/2014;18.88
19/05/2014;18.62
20/05/2014;19.09
21/05/2014;19.21
22/05/2014;19.3
23/05/2014;18.92
27/05/2014;19.06
28/05/2014;18.29
29/05/2014;18.29
30/05/2014;18.55
02/06/2014;18.05
03/06/2014;18.35
04/06/2014;17.31
05/06/2014;16.77
06/06/2014;16.7
09/06/2014;16.01
10/06/2014;16.92
11/06/2014;17.62
12/06/2014;16.86
13/06/2014;18.05
16/06/2014;18.1
17/06/2014;17.98
18/06/2014;17.9
19/06/2014;17.59
20/06/2014;17.45
23/06/2014;17.21
24/06/2014;17.7
25/06/2014;17.4
26/06/2014;17.33
27/06/2014;17.41
30/06/2014;16.35
01/07/2014;16.7
02/07/2014;16.33
03/07/2014;15.46
04/07/2014;15.78
07/07/2014;14.88
08/07/2014;15.94
09/07/2014;15.62
10/07/2014;15.36
11/07/2014;15.16
14/07/2014;16.33
15/07/2014;16.11
16/07/2014;16.16
17/07/2014;16.87
18/07/2014;16.46
21/07/2014;16.48
22/07/2014;16.45
23/07/2014;16.7
24/07/2014;16.8
25/07/2014;17.92
28/07/2014;18.2
29/07/2014;17.7
30/07/2014;17.29
31/07/2014;17.27
01/08/2014;16.06
04/08/2014;16.22
05/08/2014;16.8
06/08/2014;16.23
07/08/2014;16.46
08/08/2014;16.6
11/08/2014;15.78
12/08/2014;16.09
13/08/2014;16.84
14/08/2014;17.2
15/08/2014;18.8
18/08/2014;18.1
19/08/2014;17.96
20/08/2014;17.65
21/08/2014;17.39
22/08/2014;17.95
26/08/2014;18.26
27/08/2014;18.77
28/08/2014;19.04
29/08/2014;19.73
01/09/2014;21.08
02/09/2014;20.1
03/09/2014;20.46
04/09/2014;20.4
05/09/2014;20.39
08/09/2014;20.05
09/09/2014;19.4
10/09/2014;19.8
11/09/2014;19.39
12/09/2014;18.96
15/09/2014;20.94
16/09/2014;21.36
17/09/2014;20.72
18/09/2014;21.34
19/09/2014;20.75
22/09/2014;21.65
23/09/2014;21.2
24/09/2014;22.3
25/09/2014;21.91
26/09/2014;21.83
29/09/2014;22.42
30/09/2014;20.6
01/10/2014;21.8
02/10/2014;21.19
03/10/2014;20.15
06/10/2014;20.88
07/10/2014;20.19
08/10/2014;20.71
09/10/2014;21.09
10/10/2014;20.81
13/10/2014;21.14
14/10/2014;20.9
15/10/2014;21.02
16/10/2014;21.2
17/10/2014;20.7
20/10/2014;20.4
21/10/2014;21.61
22/10/2014;22.35
23/10/2014;22.32
24/10/2014;21.52
27/10/2014;21.36
28/10/2014;22.32
29/10/2014;22.16
30/10/2014;20.86
31/10/2014;19.8
03/11/2014;22.25
04/11/2014;22.25
05/11/2014;21.71
06/11/2014;21.6
07/11/2014;22.66
10/11/2014;22.55
11/11/2014;22.78
12/11/2014;22.45
13/11/2014;22.16
14/11/2014;22.2
17/11/2014;22.85
18/11/2014;22.97
19/11/2014;22.92
20/11/2014;23.32
21/11/2014;23.26
24/11/2014;24.03
25/11/2014;24.82
26/11/2014;24.34
27/11/2014;24.01
28/11/2014;24.2
01/12/2014;24.04
02/12/2014;23.73
03/12/2014;23.91
04/12/2014;23.44
05/12/2014;23.36
08/12/2014;22.78
09/12/2014;23.08
10/12/2014;23.01
11/12/2014;22.62
12/12/2014;22.72
15/12/2014;22.39
16/12/2014;22.34
17/12/2014;22.26
18/12/2014;22.15
19/12/2014;22.17
22/12/2014;21.48
23/12/2014;21.61
24/12/2014;22.21
29/12/2014;21.79
30/12/2014;21.18
31/12/2014;20.75
02/01/2015;20.3
05/01/2015;19.82
06/01/2015;19.34
07/01/2015;19.11
08/01/2015;19.46
09/01/2015;19.36
12/01/2015;19.75
13/01/2015;19.81
14/01/2015;19.88
15/01/2015;19.9
16/01/2015;19.48
19/01/2015;19.21
20/01/2015;18.92
21/01/2015;19.28
22/01/2015;19.42
23/01/2015;19.44
26/01/2015;19.53
27/01/2015;20.09
28/01/2015;20.43
29/01/2015;20.74
30/01/2015;20.25
02/02/2015;20.97
03/02/2015;20.99
04/02/2015;21.33
05/02/2015;21.65
06/02/2015;21.3
09/02/2015;21.53
10/02/2015;22.25
11/02/2015;23.22
12/02/2015;24.1
13/02/2015;23.38
16/02/2015;23.17
17/02/2015;22.88
18/02/2015;22.93
19/02/2015;22.08
20/02/2015;22.45
23/02/2015;21.95
24/02/2015;22.7
25/02/2015;23.13
26/02/2015;23.74
27/02/2015;23.65
02/03/2015;23.31
03/03/2015;22.16
04/03/2015;22.42
05/03/2015;21.94
06/03/2015;22.01
09/03/2015;21.87
10/03/2015;22.03
11/03/2015;22.15
12/03/2015;21.91
13/03/2015;21.48
16/03/2015;21.35
17/03/2015;21.21
18/03/2015;21.5
19/03/2015;21.06
20/03/2015;21.1
23/03/2015;21.28
24/03/2015;21.7
25/03/2015;21.39
26/03/2015;22.39
27/03/2015;21.86
30/03/2015;21.9
31/03/2015;22.2
01/04/2015;23.2
02/04/2015;22.65
07/04/2015;22.51
08/04/2015;22.09
09/04/2015;22.38
10/04/2015;23.09
13/04/2015;22.43
14/04/2015;21.9
15/04/2015;22.24
16/04/2015;22.18
17/04/2015;21.42
20/04/2015;21.7
21/04/2015;21.74
22/04/2015;21.6
23/04/2015;21.29
24/04/2015;21.79
27/04/2015;21.55
28/04/2015;21.52
29/04/2015;21.51
30/04/2015;20.85
01/05/2015;20.02
05/05/2015;20.35
06/05/2015;20.35
07/05/2015;20.15
08/05/2015;20.31
11/05/2015;21.05
12/05/2015;21.02
13/05/2015;20.68
14/05/2015;20.68
15/05/2015;20.4
18/05/2015;20.71
19/05/2015;20.56
20/05/2015;20.54
21/05/2015;20.5
22/05/2015;20.49
26/05/2015;20.52
27/05/2015;20.68
28/05/2015;20.64
29/05/2015;20.58
01/06/2015;20.5
02/06/2015;20.33
03/06/2015;20.36
04/06/2015;20.38
05/06/2015;20.34
08/06/2015;20.58
09/06/2015;20.69
10/06/2015;20.59
11/06/2015;20.18
12/06/2015;20.32
15/06/2015;20.38
16/06/2015;20.48
17/06/2015;20.33
18/06/2015;20.47
19/06/2015;20.58
22/06/2015;20.79
23/06/2015;20.98
24/06/2015;20.88
25/06/2015;20.7
26/06/2015;20.5
29/06/2015;20.39
30/06/2015;20.8
01/07/2015;20.77
02/07/2015;21.06
03/07/2015;20.93
06/07/2015;21.04
07/07/2015;20.75
08/07/2015;20.6
09/07/2015;20.98
10/07/2015;20.88
13/07/2015;21.02
14/07/2015;21.11
15/07/2015;21.18
16/07/2015;21.08
17/07/2015;21.02
20/07/2015;21.08
21/07/2015;21.06
22/07/2015;20.79
23/07/2015;20.53
24/07/2015;20.43
27/07/2015;20.49
28/07/2015;20.71
29/07/2015;20.71
30/07/2015;20.94
31/07/2015;20.46
03/08/2015;20.44
04/08/2015;20
05/08/2015;20.28
06/08/2015;20.38
07/08/2015;19.95
10/08/2015;20.02
11/08/2015;20.02
12/08/2015;19.48
13/08/2015;19.68
14/08/2015;19.51
17/08/2015;19.43
18/08/2015;19.61
19/08/2015;19.2
20/08/2015;19.09
21/08/2015;19.16
24/08/2015;18.61
25/08/2015;18.88
26/08/2015;18.9
27/08/2015;19.31
28/08/2015;19.64
01/09/2015;19.74
02/09/2015;19.97
03/09/2015;20.12
04/09/2015;19.46
07/09/2015;19.33
08/09/2015;19.38
09/09/2015;19.42
10/09/2015;19.38
11/09/2015;19.32
14/09/2015;19.12
15/09/2015;19.11
16/09/2015;19.18
17/09/2015;19.1
18/09/2015;18.97
21/09/2015;19
22/09/2015;19.08
23/09/2015;19.23
24/09/2015;18.61
25/09/2015;18.92
28/09/2015;18.58
29/09/2015;18.63
30/09/2015;18.3
01/10/2015;18.01
02/10/2015;17.65
05/10/2015;17.53
06/10/2015;18.2
07/10/2015;18.41
08/10/2015;18.59
09/10/2015;18.48
12/10/2015;18.7
13/10/2015;18.39
14/10/2015;18.29
15/10/2015;18.45
16/10/2015;18.48
19/10/2015;18.75
20/10/2015;18.47
21/10/2015;18.34
22/10/2015;18.3
23/10/2015;18.26
26/10/2015;18.04
27/10/2015;18.08
28/10/2015;18.04
29/10/2015;18.14
30/10/2015;17.74
02/11/2015;17.68
03/11/2015;17.51
04/11/2015;17.48
05/11/2015;17.18
06/11/2015;16.75
09/11/2015;16.48
10/11/2015;16.58
11/11/2015;16.38
12/11/2015;16.19
13/11/2015;16
16/11/2015;16.49
17/11/2015;17.09
18/11/2015;17.17
19/11/2015;17.42
20/11/2015;17.33
23/11/2015;17.62
24/11/2015;17.6
25/11/2015;17.88
26/11/2015;17.69
27/11/2015;17.77
30/11/2015;18.11
01/12/2015;18.02
02/12/2015;17.66
03/12/2015;17.29
04/12/2015;17.25
07/12/2015;16.85
08/12/2015;16.8
09/12/2015;16.61
10/12/2015;16.56
11/12/2015;16.33
14/12/2015;16.03
15/12/2015;15.95
16/12/2015;15.22
17/12/2015;15.26
18/12/2015;14.88
21/12/2015;14.48
22/12/2015;14.16
23/12/2015;13.98
24/12/2015;14.14
29/12/2015;15.39
30/12/2015;14.5
31/12/2015;14.35
04/01/2016;14.67
05/01/2016;14.77
06/01/2016;15.18
07/01/2016;15.44
08/01/2016;14.58
11/01/2016;14.47
12/01/2016;14.04
13/01/2016;14.25
14/01/2016;13.79
15/01/2016;13.47
18/01/2016;13.64
19/01/2016;13.62
20/01/2016;13.05
21/01/2016;13.05
22/01/2016;13.64
25/01/2016;12.72
26/01/2016;13.06
27/01/2016;13.44
28/01/2016;13.44
29/01/2016;13.18
01/02/2016;12.8
02/02/2016;13
03/02/2016;13.07
04/02/2016;12.48
05/02/2016;12.38
08/02/2016;12.28
09/02/2016;12.11
10/02/2016;12.31
11/02/2016;12.12
12/02/2016;12.14
15/02/2016;12.55
16/02/2016;12.55
17/02/2016;12.39
18/02/2016;12.39
19/02/2016;12.18
22/02/2016;12.64
23/02/2016;12.72
24/02/2016;12.52
25/02/2016;12.32
26/02/2016;12.4
29/02/2016;12.57
01/03/2016;12.58
02/03/2016;12.68
03/03/2016;12.55
04/03/2016;12.24
07/03/2016;12.51
08/03/2016;12.29
09/03/2016;12.34
10/03/2016;12.16
11/03/2016;12.36
14/03/2016;12.31
15/03/2016;12.22
16/03/2016;12.38
17/03/2016;12.36
18/03/2016;12.24
21/03/2016;11.96
22/03/2016;12.06
23/03/2016;12.09
24/03/2016;11.96
29/03/2016;12.02
30/03/2016;12.1
31/03/2016;12.38
01/04/2016;11.5
04/04/2016;11.28
05/04/2016;11.34
06/04/2016;11.34
07/04/2016;11.34
08/04/2016;11.16
11/04/2016;11.04
12/04/2016;11.35
13/04/2016;11.36
14/04/2016;11.33
15/04/2016;11.28
18/04/2016;11.78
19/04/2016;11.99
20/04/2016;11.97
21/04/2016;12.78
22/04/2016;13.21
25/04/2016;13.42
26/04/2016;14.28
27/04/2016;14.54
28/04/2016;13.1
29/04/2016;12.86
03/05/2016;12.15
04/05/2016;12.31
05/05/2016;12.62
06/05/2016;12.74
09/05/2016;12.92
10/05/2016;12.9
11/05/2016;12.93
12/05/2016;12.88
13/05/2016;13
16/05/2016;13.05
17/05/2016;13.2
18/05/2016;13.14
19/05/2016;12.89
20/05/2016;12.95
23/05/2016;12.95
24/05/2016;13.02
25/05/2016;13.2
26/05/2016;13.6
27/05/2016;14.06
31/05/2016;14.21
01/06/2016;14.22
02/06/2016;14.75
03/06/2016;14.28
06/06/2016;14.65
07/06/2016;15.02
08/06/2016;14.54
09/06/2016;14.32
10/06/2016;13.91
13/06/2016;13.8
14/06/2016;14.11
15/06/2016;14.12
16/06/2016;14.27
17/06/2016;14.33
20/06/2016;15.13
21/06/2016;14.78
22/06/2016;15.11
23/06/2016;15.09
24/06/2016;14.49
27/06/2016;14.38
28/06/2016;14.13
29/06/2016;14.32
30/06/2016;14.1
01/07/2016;14.02
04/07/2016;14.34
05/07/2016;14.15
06/07/2016;14.15
07/07/2016;14.28
08/07/2016;14.02
11/07/2016;13.9
12/07/2016;14.32
13/07/2016;14.18
14/07/2016;14.26
15/07/2016;14.09
18/07/2016;14.29
19/07/2016;14.28
20/07/2016;14.51
21/07/2016;14.76
22/07/2016;14.5
25/07/2016;14.63
26/07/2016;14.5
27/07/2016;14.24
28/07/2016;13.8
29/07/2016;13.5
01/08/2016;13.6
02/08/2016;13.43
03/08/2016;13.25
04/08/2016;13.32
05/08/2016;12.65
08/08/2016;12.54
09/08/2016;12.69
10/08/2016;12.34
11/08/2016;12.05
12/08/2016;11.72
15/08/2016;11.2
16/08/2016;11.58
17/08/2016;11.45
18/08/2016;11.27
19/08/2016;10.54
22/08/2016;11.05
23/08/2016;11.37
24/08/2016;10.92
25/08/2016;11.05
26/08/2016;11.8
30/08/2016;11.74
31/08/2016;11.67
01/09/2016;11.95
02/09/2016;12.1
05/09/2016;11.97
06/09/2016;12.11
07/09/2016;11.25
08/09/2016;11.21
09/09/2016;11.18
12/09/2016;10.78
13/09/2016;11.15
14/09/2016;11.17
15/09/2016;11.65
16/09/2016;11.72
19/09/2016;13.52
20/09/2016;12.42
21/09/2016;13.04
22/09/2016;13.23
23/09/2016;13.25
26/09/2016;13.43
27/09/2016;12.65
28/09/2016;13.14
29/09/2016;13.62
30/09/2016;13.42
03/10/2016;12.57
04/10/2016;13.72
05/10/2016;14.95
06/10/2016;15.49
07/10/2016;15.51
10/10/2016;15.52
11/10/2016;15.45
12/10/2016;15.19
13/10/2016;15.54
14/10/2016;15.53
17/10/2016;15.96
18/10/2016;16.65
19/10/2016;16.88
20/10/2016;17.02
21/10/2016;17
24/10/2016;17.44
25/10/2016;17.59
26/10/2016;17.24
27/10/2016;17.31
28/10/2016;16.92
31/10/2016;17.69
01/11/2016;18.28
02/11/2016;19.08
03/11/2016;18.75
04/11/2016;18.25
07/11/2016;18.06
08/11/2016;17.88
09/11/2016;18
10/11/2016;18.12
11/11/2016;18.17
14/11/2016;17.66
15/11/2016;17.88
16/11/2016;17.68
17/11/2016;17.75
18/11/2016;18.09
21/11/2016;17.18
22/11/2016;17.67
23/11/2016;17.74
24/11/2016;17.98
25/11/2016;17.73
28/11/2016;18.25
29/11/2016;18.24
30/11/2016;18.3
01/12/2016;18.1
02/12/2016;17.75
05/12/2016;17
06/12/2016;16.48
07/12/2016;16.32
08/12/2016;16.6
09/12/2016;16.72
12/12/2016;17.26
13/12/2016;17.29
14/12/2016;17.04
15/12/2016;17.09
16/12/2016;17.46
19/12/2016;17.71
20/12/2016;17.62
21/12/2016;17.74
22/12/2016;18.13
23/12/2016;18.33
28/12/2016;18.76
29/12/2016;18.93
30/12/2016;19.34
03/01/2017;18.5
04/01/2017;19.31
05/01/2017;18.95
06/01/2017;18.61
09/01/2017;19.19
10/01/2017;20.07
11/01/2017;20.59
12/01/2017;20.43
13/01/2017;20.18
16/01/2017;19.13
17/01/2017;19.75
18/01/2017;20.15
19/01/2017;20.59
20/01/2017;20.89
23/01/2017;22.19
24/01/2017;21.75
25/01/2017;20.79
26/01/2017;20.21
27/01/2017;19.7
30/01/2017;20.78
31/01/2017;21.1
01/02/2017;22.25
02/02/2017;22.11
03/02/2017;23.12
06/02/2017;23.01
07/02/2017;22.15
08/02/2017;20.75
09/02/2017;20.7
10/02/2017;20.05
13/02/2017;19.08
14/02/2017;18.73
15/02/2017;18.8
16/02/2017;19
17/02/2017;18.2
20/02/2017;18.12
21/02/2017;17.77
22/02/2017;17.79
23/02/2017;18.32
24/02/2017;17.6
27/02/2017;17.16
28/02/2017;16.92
01/03/2017;17.25
02/03/2017;16.99
03/03/2017;16.69
06/03/2017;16.8
07/03/2017;16.56
08/03/2017;16.42
09/03/2017;16.2
10/03/2017;15.99
13/03/2017;15.85
14/03/2017;16
15/03/2017;16.04
16/03/2017;15.76
17/03/2017;15.76
20/03/2017;15.49
21/03/2017;15.59
22/03/2017;15.49
23/03/2017;15.18
24/03/2017;14.9
27/03/2017;14.71
28/03/2017;14.75
29/03/2017;15.07
30/03/2017;15.66
31/03/2017;15.48
03/04/2017;16.01
04/04/2017;16.02
05/04/2017;16.22
06/04/2017;16.08
07/04/2017;15.69
10/04/2017;15.6
11/04/2017;15.7
12/04/2017;15.7
13/04/2017;15.71
18/04/2017;16.58
19/04/2017;16.45
20/04/2017;16.15
21/04/2017;16.67
24/04/2017;16.39
25/04/2017;16.14
26/04/2017;16.39
27/04/2017;16.27
28/04/2017;16.44
02/05/2017;16.79
03/05/2017;16.65
04/05/2017;16.12
05/05/2017;16.07
08/05/2017;15.94
09/05/2017;15.9
10/05/2017;16.04
11/05/2017;15.28
12/05/2017;15.53
15/05/2017;15.5
16/05/2017;15.52
17/05/2017;15.51
18/05/2017;15.72
19/05/2017;15.38
22/05/2017;15.27
23/05/2017;15.5
24/05/2017;15.2
25/05/2017;15.01
26/05/2017;15.08
30/05/2017;15.54
31/05/2017;15.21
01/06/2017;15.05
02/06/2017;14.66
05/06/2017;15.05
06/06/2017;14.8
07/06/2017;14.96
08/06/2017;15.15
09/06/2017;15.19
12/06/2017;15.07
13/06/2017;15.17
14/06/2017;15.23
15/06/2017;14.77
16/06/2017;15.12
19/06/2017;15.42
20/06/2017;15.38
21/06/2017;15.33
22/06/2017;15.22
23/06/2017;15.04
26/06/2017;15.27
27/06/2017;15.34
28/06/2017;15.32
29/06/2017;14.97
30/06/2017;15.33
03/07/2017;15.43
04/07/2017;15.34
05/07/2017;15.44
06/07/2017;15.27
07/07/2017;15.07
10/07/2017;15.09
11/07/2017;14.74
12/07/2017;14.82
13/07/2017;14.96
14/07/2017;15.04
17/07/2017;14.97
18/07/2017;14.98
19/07/2017;15
20/07/2017;15.15
21/07/2017;15.14
24/07/2017;15
25/07/2017;14.98
26/07/2017;15.4
27/07/2017;15.17
28/07/2017;15
31/07/2017;15.2
01/08/2017;14.91
02/08/2017;14.96
03/08/2017;15.02
04/08/2017;15.18
07/08/2017;15.52
08/08/2017;15.43
09/08/2017;15.95
10/08/2017;16.15
11/08/2017;16.22
14/08/2017;15.9
15/08/2017;15.85
16/08/2017;16.14
17/08/2017;16.2
18/08/2017;16.37
21/08/2017;16.35
22/08/2017;16.31
23/08/2017;16.68
24/08/2017;16.33
25/08/2017;16.49
29/08/2017;16.62
30/08/2017;16.81
31/08/2017;16.37
01/09/2017;16.44
04/09/2017;16.5
05/09/2017;16.94
06/09/2017;16.94
07/09/2017;16.82
08/09/2017;17.07
11/09/2017;17.29
12/09/2017;17.29
13/09/2017;17.56
14/09/2017;17.99
15/09/2017;17.89
18/09/2017;17.99
19/09/2017;17.68
20/09/2017;17.48
21/09/2017;17.31
22/09/2017;17.23
25/09/2017;17.83
26/09/2017;17.87
27/09/2017;17.62
28/09/2017;17.67
29/09/2017;16.35
02/10/2017;16.55
03/10/2017;17.39
04/10/2017;17.35
05/10/2017;17.86
06/10/2017;17.73
09/10/2017;17.98
10/10/2017;17.6
11/10/2017;17.22
12/10/2017;16.9
13/10/2017;16.6
16/10/2017;16.27
17/10/2017;16.97
18/10/2017;16.8
19/10/2017;16.49
20/10/2017;16.31
23/10/2017;16.86
24/10/2017;16.69
25/10/2017;16.98
26/10/2017;17
27/10/2017;17.08
30/10/2017;18
31/10/2017;17.91
01/11/2017;18.42
02/11/2017;18.02
03/11/2017;18.25
06/11/2017;18.98
07/11/2017;19.31
08/11/2017;19.3
09/11/2017;19.38
10/11/2017;19.81
13/11/2017;19.94
14/11/2017;19.35
15/11/2017;19.1
16/11/2017;19.17
17/11/2017;19.05
20/11/2017;19.58
21/11/2017;19.7
22/11/2017;19.62
23/11/2017;20.21
24/11/2017;20.55
27/11/2017;20.92
28/11/2017;20.71
29/11/2017;20.88
30/11/2017;20.83
01/12/2017;20.89
04/12/2017;21.62
05/12/2017;21.42
06/12/2017;21.17
07/12/2017;21.39
08/12/2017;20.99
11/12/2017;21.9
12/12/2017;22.26
13/12/2017;21.5
14/12/2017;21.71
15/12/2017;21.6
18/12/2017;21.19
19/12/2017;20.18
20/12/2017;20.32
21/12/2017;20.28
22/12/2017;19.86
27/12/2017;19.89
28/12/2017;19.89
29/12/2017;19.52
02/01/2018;19.24
03/01/2018;19
04/01/2018;19.21
05/01/2018;18.91
08/01/2018;19
09/01/2018;19.44
10/01/2018;19.39
11/01/2018;19.29
12/01/2018;19.68
15/01/2018;19.11
16/01/2018;18.8
17/01/2018;18.46
18/01/2018;18.67
19/01/2018;18.23
22/01/2018;18.4
23/01/2018;18.06
24/01/2018;17.82
25/01/2018;17.82
26/01/2018;17.38
29/01/2018;17.38
30/01/2018;17.38
31/01/2018;17.87
01/02/2018;18.12
02/02/2018;18.11
05/02/2018;17.73
06/02/2018;17.98
07/02/2018;18.35
08/02/2018;17.98
09/02/2018;17.83
12/02/2018;18.02
13/02/2018;18.42
14/02/2018;18.17
15/02/2018;17.94
16/02/2018;18.23
19/02/2018;19.56
20/02/2018;20.8
21/02/2018;21.99
22/02/2018;22.75
23/02/2018;26.12
26/02/2018;25.2
27/02/2018;34.49
28/02/2018;43.94
01/03/2018;85
02/03/2018;30.93
05/03/2018;20.19
06/03/2018;19.59
07/03/2018;18.71
08/03/2018;19.2
09/03/2018;19.95
12/03/2018;25.74
13/03/2018;24.93
14/03/2018;22.6
15/03/2018;24.49
16/03/2018;20.46
19/03/2018;20.52
20/03/2018;21.4
21/03/2018;21.79
22/03/2018;20.45
23/03/2018;19.65
26/03/2018;18.41
27/03/2018;18.69
28/03/2018;18.52
29/03/2018;19.52
03/04/2018;18.8
04/04/2018;19.16
05/04/2018;19
06/04/2018;18.82
09/04/2018;18.94
10/04/2018;20.34
11/04/2018;19.6
12/04/2018;20.47
13/04/2018;20.24
16/04/2018;19.77
17/04/2018;19.11
18/04/2018;19.19
19/04/2018;19.99
20/04/2018;19.94
23/04/2018;19.81
24/04/2018;19.68
25/04/2018;19.89
26/04/2018;20.21
27/04/2018;20.27
30/04/2018;20.84
01/05/2018;20.23
02/05/2018;20.31
03/05/2018;20.09
04/05/2018;20.42
08/05/2018;20.53
09/05/2018;20.76
10/05/2018;21.03
11/05/2018;21.22
14/05/2018;21.55
15/05/2018;21.52
16/05/2018;21.73
17/05/2018;22.31
18/05/2018;22.04
21/05/2018;22.2
22/05/2018;22.87
23/05/2018;22.93
24/05/2018;22.82
25/05/2018;21.79
29/05/2018;22.57
30/05/2018;22.86
31/05/2018;22.47
01/06/2018;21.87
04/06/2018;22.22
05/06/2018;21.82
06/06/2018;21.58
07/06/2018;21.75
08/06/2018;21.68
11/06/2018;21.65
12/06/2018;21.95
13/06/2018;22.52
14/06/2018;22.88
15/06/2018;21.99
18/06/2018;22.59
19/06/2018;22.19
20/06/2018;21.99
21/06/2018;21.75
22/06/2018;21.69
25/06/2018;21.7
26/06/2018;21.58
27/06/2018;22.1
28/06/2018;21.94
29/06/2018;21.89
02/07/2018;22.15
03/07/2018;22.29
04/07/2018;22.31
05/07/2018;22.32
06/07/2018;22.28
09/07/2018;22.72
10/07/2018;22.79
11/07/2018;22.47
12/07/2018;21.95
13/07/2018;22.43
16/07/2018;22.08
17/07/2018;21.92
18/07/2018;22.2
19/07/2018;22.14
20/07/2018;21.91
23/07/2018;22.22
24/07/2018;22.18
25/07/2018;22.23
26/07/2018;22.26
27/07/2018;22.04
30/07/2018;22.3
31/07/2018;22.14
01/08/2018;22.03
02/08/2018;22.08
03/08/2018;22.31
06/08/2018;22.47
07/08/2018;22.65
08/08/2018;22.64
09/08/2018;22.58
10/08/2018;22.86
13/08/2018;23.78
14/08/2018;23.51
15/08/2018;23.35
16/08/2018;23.69
17/08/2018;24.1
20/08/2018;24.21
21/08/2018;24.26
22/08/2018;24.69
23/08/2018;24.89
24/08/2018;25.16
28/08/2018;25.88
29/08/2018;26.4
30/08/2018;26.28
31/08/2018;25.88
03/09/2018;26.44
04/09/2018;26.79
05/09/2018;27.22
06/09/2018;27.62
07/09/2018;28.23
10/09/2018;29.3
11/09/2018;28.72
12/09/2018;27.6
13/09/2018;26.6
14/09/2018;27.24
17/09/2018;27.6
18/09/2018;27.12
19/09/2018;28.25
20/09/2018;28.22
21/09/2018;28.6
24/09/2018;29.6
25/09/2018;29.38
26/09/2018;28.24
27/09/2018;27.46
28/09/2018;27.1
01/10/2018;27.56
02/10/2018;27.16
03/10/2018;26.85
04/10/2018;27.29
05/10/2018;27.39
08/10/2018;27.16
09/10/2018;26.5
10/10/2018;25.52
11/10/2018;24.77
12/10/2018;25.55
15/10/2018;25.88
16/10/2018;25.7
17/10/2018;25.3
18/10/2018;25.15
19/10/2018;26.35
22/10/2018;25
23/10/2018;24.58
24/10/2018;24.96
25/10/2018;24.55
26/10/2018;23.99
29/10/2018;24.4
30/10/2018;23.84
31/10/2018;23.52
01/11/2018;23.39
02/11/2018;23.52
05/11/2018;23.31
06/11/2018;23.21
07/11/2018;24.31
08/11/2018;24.07
09/11/2018;23.86
12/11/2018;25.39
13/11/2018;26.28
14/11/2018;26.36
15/11/2018;26.52
16/11/2018;25.59
19/11/2018;24.32
20/11/2018;24.69
21/11/2018;24.75
22/11/2018;24.75
23/11/2018;24.87
26/11/2018;24.61
27/11/2018;25.14
28/11/2018;24.3
29/11/2018;24.58
30/11/2018;24.2
03/12/2018;24.61
04/12/2018;23.99
05/12/2018;23.44
06/12/2018;22.64
07/12/2018;22.36
10/12/2018;23.1
11/12/2018;23.49
12/12/2018;23.99
13/12/2018;24.18
14/12/2018;24.64
17/12/2018;24.55
18/12/2018;23.77
19/12/2018;24.3
20/12/2018;24.48
21/12/2018;24.48
24/12/2018;24.44
27/12/2018;23.29
28/12/2018;22.08
31/12/2018;20.7
02/01/2019;22.34
03/01/2019;21.75
04/01/2019;22.08
07/01/2019;20.75
08/01/2019;21.75
09/01/2019;21.24
10/01/2019;21.54
11/01/2019;21.49
14/01/2019;21.36
15/01/2019;21.3
16/01/2019;21.72
17/01/2019;22.58
18/01/2019;22.32
21/01/2019;21.66
22/01/2019;21.6
23/01/2019;22.02
24/01/2019;21.28
25/01/2019;20.76
28/01/2019;20.54
29/01/2019;20.75
30/01/2019;20.16
31/01/2019;19.92
01/02/2019;19.26
04/02/2019;19.34
05/02/2019;18.59
06/02/2019;18.9
07/02/2019;18.57
08/02/2019;18.26
11/02/2019;18.19
12/02/2019;17.51
13/02/2019;17.99
14/02/2019;17.74
15/02/2019;17.8
18/02/2019;17.35
19/02/2019;17.8
20/02/2019;18.12
21/02/2019;17.52
22/02/2019;16.92
25/02/2019;16.88
26/02/2019;17.08
27/02/2019;17.79
28/02/2019;17.73
01/03/2019;17.28
04/03/2019;17.57
05/03/2019;17.18
06/03/2019;16.91
07/03/2019;16.74
08/03/2019;16.76
11/03/2019;16.85
12/03/2019;16.55
13/03/2019;15.92
14/03/2019;15.56
15/03/2019;14.79
18/03/2019;15.4
19/03/2019;15.23
20/03/2019;15.14
21/03/2019;14.53
22/03/2019;14.21
25/03/2019;14.19
26/03/2019;14.62
27/03/2019;14.93
28/03/2019;14.28
29/03/2019;14.71
01/04/2019;14.12
02/04/2019;13.7
03/04/2019;14.37
04/04/2019;15.07
05/04/2019;16.59
08/04/2019;15.82
09/04/2019;16.89
10/04/2019;16.39
11/04/2019;16.69
12/04/2019;16.08
15/04/2019;15.09
16/04/2019;15.31
17/04/2019;15.12
18/04/2019;14.72
23/04/2019;14.42
24/04/2019;14.25
25/04/2019;14.56
26/04/2019;14.21
29/04/2019;14.45
30/04/2019;14.42
01/05/2019;14.34
02/05/2019;14.68
03/05/2019;14.49
07/05/2019;14.44
08/05/2019;14.5
09/05/2019;14.6
10/05/2019;14.31
13/05/2019;13.88
14/05/2019;14.04
15/05/2019;14
16/05/2019;13.39
17/05/2019;12.93
20/05/2019;12.85
21/05/2019;12.59
22/05/2019;12.78
23/05/2019;12.48
24/05/2019;12.25
28/05/2019;12.41
29/05/2019;11.68
30/05/2019;11.33
31/05/2019;10.29
03/06/2019;10.17
04/06/2019;11.24
05/06/2019;10.7
06/06/2019;10.38
07/06/2019;10.97
10/06/2019;11.58
11/06/2019;11.32
12/06/2019;11.22
13/06/2019;11.43
14/06/2019;11.29
17/06/2019;11.54
18/06/2019;11.12
19/06/2019;10.3
20/06/2019;10.21
21/06/2019;10.29
24/06/2019;9.89
25/06/2019;9.38
26/06/2019;9.57
27/06/2019;9.16
28/06/2019;9.34
01/07/2019;10.23
02/07/2019;10.31
03/07/2019;10.34
04/07/2019;10.38
05/07/2019;11.18
08/07/2019;11.87
09/07/2019;11.61
10/07/2019;12.3
11/07/2019;12.68
12/07/2019;12.94
15/07/2019;12.83
16/07/2019;11.19
17/07/2019;11.16
18/07/2019;10.62
19/07/2019;10.91
22/07/2019;10.17
23/07/2019;10.74
24/07/2019;10.29
25/07/2019;9.98
26/07/2019;10.09
29/07/2019;9.49
30/07/2019;9.68
31/07/2019;10.12
01/08/2019;11.24
02/08/2019;11.3
05/08/2019;10.03
06/08/2019;9.34
07/08/2019;9.72
08/08/2019;10.05
09/08/2019;10.35
12/08/2019;10.44
13/08/2019;10.62
14/08/2019;9.64
15/08/2019;9.48
16/08/2019;9.5
19/08/2019;9.46
20/08/2019;9.89
21/08/2019;9.96
22/08/2019;10.08
23/08/2019;9.62
27/08/2019;10.19
28/08/2019;10.16
29/08/2019;9.86
30/08/2019;9.2
02/09/2019;7.86
03/09/2019;7.51
04/09/2019;7.49
05/09/2019;8.08
06/09/2019;9.46
09/09/2019;9.49
10/09/2019;10.89
11/09/2019;10.26
12/09/2019;10.89
13/09/2019;10.78
16/09/2019;11.16
17/09/2019;9.67
18/09/2019;9.45
19/09/2019;9.25
20/09/2019;9.62
23/09/2019;9.98
24/09/2019;11.08
25/09/2019;10.22
26/09/2019;10.12
27/09/2019;9.79
30/09/2019;8.39
01/10/2019;9.89
02/10/2019;10.08
03/10/2019;12.06
04/10/2019;11.19
07/10/2019;10.21
08/10/2019;9.5
09/10/2019;8
10/10/2019;8.68
11/10/2019;9.01
14/10/2019;10.46
15/10/2019;10.97
16/10/2019;10.59
17/10/2019;9.88
18/10/2019;10.19
21/10/2019;10.01
22/10/2019;10.44
23/10/2019;10.32
24/10/2019;9.85
25/10/2019;10.77
28/10/2019;11.25
29/10/2019;10.32
30/10/2019;10.26
31/10/2019;9.61
01/11/2019;11.59
04/11/2019;13.1
05/11/2019;13.22
06/11/2019;12.99
07/11/2019;13.88
08/11/2019;14.54
11/11/2019;14.59
12/11/2019;14.96
13/11/2019;14.85
14/11/2019;14.61
15/11/2019;15.02
18/11/2019;14.72
19/11/2019;15.08
20/11/2019;15.44
21/11/2019;15.67
22/11/2019;16.05
25/11/2019;16.45
26/11/2019;15.64
27/11/2019;15.82
28/11/2019;15.72
29/11/2019;15.62
02/12/2019;15.42
03/12/2019;15
04/12/2019;14.88
05/12/2019;13.98
06/12/2019;13.9
09/12/2019;13.53
10/12/2019;13.45
11/12/2019;13.13
12/12/2019;13.48
13/12/2019;12.92
16/12/2019;12.56
17/12/2019;12.9
18/12/2019;12.58
19/12/2019;12.91
20/12/2019;12.66
23/12/2019;11.38
24/12/2019;11.01
27/12/2019;12.48
30/12/2019;12.27
31/12/2019;11.79
02/01/2020;11.87
03/01/2020;12.73
06/01/2020;12.15
07/01/2020;11.64
08/01/2020;11.59
09/01/2020;11.87
10/01/2020;11.78
13/01/2020;11.88
14/01/2020;11.18
15/01/2020;11.14
16/01/2020;11.08
17/01/2020;10.9
20/01/2020;10.64
21/01/2020;10.96
22/01/2020;10.44
23/01/2020;10.42
24/01/2020;10.46
27/01/2020;10.42
28/01/2020;10.81
29/01/2020;10.12
30/01/2020;9.78
31/01/2020;9.79
03/02/2020;9.38
04/02/2020;9.72
05/02/2020;9.66
06/02/2020;9.2
07/02/2020;9.18
10/02/2020;8.88
11/02/2020;8.98
12/02/2020;9.18
13/02/2020;8.98
14/02/2020;9.04
17/02/2020;9.39
18/02/2020;9.59
19/02/2020;9.78
20/02/2020;9.76
21/02/2020;9.46
24/02/2020;9.16
25/02/2020;9.24
26/02/2020;9.41
27/02/2020;9.17
28/02/2020;9.25
02/03/2020;9.38
03/03/2020;9.52
04/03/2020;9.33
05/03/2020;9.39
06/03/2020;8.87
09/03/2020;8.8
10/03/2020;9.12
11/03/2020;9.24
12/03/2020;9.27
13/03/2020;9.56
16/03/2020;8.85
17/03/2020;8.48
18/03/2020;8.51
19/03/2020;8.72
20/03/2020;8.22
23/03/2020;8.19
24/03/2020;8.12
25/03/2020;7.99
26/03/2020;7.72
27/03/2020;7.41
30/03/2020;7.15
31/03/2020;7.13
01/04/2020;7.05
02/04/2020;7.1
03/04/2020;7.11
06/04/2020;7.11
07/04/2020;7.32
08/04/2020;7.08
09/04/2020;6.91
14/04/2020;7.06
15/04/2020;6.89
16/04/2020;6.96
17/04/2020;6.36
20/04/2020;6.2
21/04/2020;5.88
22/04/2020;6.05
23/04/2020;5.65
24/04/2020;5.55
27/04/2020;6.03
28/04/2020;5.96
29/04/2020;5.64
30/04/2020;5.42
01/05/2020;5.2
04/05/2020;5.54
05/05/2020;5.27
06/05/2020;5.45
07/05/2020;5.26
11/05/2020;5.86
12/05/2020;5.16
13/05/2020;5.08
14/05/2020;4.9
15/05/2020;4.78
18/05/2020;4.53
19/05/2020;4.32
20/05/2020;3.81
21/05/2020;3.11
22/05/2020;3.69
26/05/2020;4.03
27/05/2020;3.52
28/05/2020;3.34
29/05/2020;3.5
01/06/2020;3.56
02/06/2020;4.38
03/06/2020;4.88
04/06/2020;4.56
05/06/2020;4.88
08/06/2020;4.99
09/06/2020;4.76
10/06/2020;4.62
11/06/2020;4.74
12/06/2020;4.96
15/06/2020;5.43
16/06/2020;5.12
17/06/2020;5.03
18/06/2020;5.21
19/06/2020;5.48
22/06/2020;5.32
23/06/2020;5.79
24/06/2020;5.62
25/06/2020;5.02
26/06/2020;4.97
29/06/2020;5.66
30/06/2020;5.55
01/07/2020;5.6
02/07/2020;5.15
03/07/2020;4.77
06/07/2020;5.42
07/07/2020;5.49
08/07/2020;5.31
09/07/2020;4.81
10/07/2020;4.75
13/07/2020;4.35
14/07/2020;4.19
15/07/2020;4.7
16/07/2020;4.34
17/07/2020;4.9
20/07/2020;4.42
21/07/2020;4.64
22/07/2020;4.79
23/07/2020;4.83
24/07/2020;4.66
27/07/2020;4.32
28/07/2020;4.58
29/07/2020;4.91
30/07/2020;4.89
31/07/2020;5.18
03/08/2020;6.54
04/08/2020;6.58
05/08/2020;6.63
06/08/2020;6.96
07/08/2020;7.04
10/08/2020;6.9
11/08/2020;6.58
12/08/2020;6.28
13/08/2020;6.68
14/08/2020;7.06
17/08/2020;7.49
18/08/2020;8.22
19/08/2020;7.87
20/08/2020;7.28
21/08/2020;6.54
24/08/2020;7.92
25/08/2020;8.52
26/08/2020;8.86
27/08/2020;8.76
28/08/2020;9.88
01/09/2020;10.77
02/09/2020;10.45
03/09/2020;11.17
04/09/2020;11.62
07/09/2020;11.11
08/09/2020;11.03
09/09/2020;10.78
10/09/2020;10.45
11/09/2020;10.48
14/09/2020;10.42
15/09/2020;10.58
16/09/2020;11.16
17/09/2020;11.09
18/09/2020;10.89
21/09/2020;11.39
22/09/2020;11.39
23/09/2020;11.64
24/09/2020;11.41
25/09/2020;11.56
28/09/2020;12.41
29/09/2020;12.08
30/09/2020;12.42
01/10/2020;11.99
02/10/2020;12.21
05/10/2020;13.14
06/10/2020;12.75
07/10/2020;13.44
08/10/2020;13.68
09/10/2020;13.82
12/10/2020;13.8
13/10/2020;13.41
14/10/2020;13.86
15/10/2020;14.4
16/10/2020;14.87
19/10/2020;14.99
20/10/2020;14.69
21/10/2020;14.81
22/10/2020;15.32
23/10/2020;15.33
26/10/2020;14.84
27/10/2020;14.8
28/10/2020;14.18
29/10/2020;13.83
30/10/2020;13.31
02/11/2020;13.1
03/11/2020;13.78
04/11/2020;13.81
05/11/2020;14.33
06/11/2020;13.38
09/11/2020;13.87
10/11/2020;14.06
11/11/2020;13.98
12/11/2020;13.88
13/11/2020;13.89
16/11/2020;14.16
17/11/2020;13.57
18/11/2020;13.18
19/11/2020;12.85
20/11/2020;12.69
23/11/2020;13.52
24/11/2020;13.88
25/11/2020;13.98
26/11/2020;14.11
27/11/2020;14.52
30/11/2020;15.11
01/12/2020;14.98
02/12/2020;14.86
03/12/2020;13.98
04/12/2020;14.63
07/12/2020;14.25
08/12/2020;14.42
09/12/2020;14.82
10/12/2020;15.58
11/12/2020;15.98
14/12/2020;16.73
15/12/2020;17.2
16/12/2020;16.15
17/12/2020;15.78
18/12/2020;15.64
21/12/2020;16.85
22/12/2020;17.47
23/12/2020;17.12
24/12/2020;17.71
29/12/2020;19.2
30/12/2020;18.95
31/12/2020;19.15
04/01/2021;19.88
05/01/2021;17.94
06/01/2021;17.59
07/01/2021;19.59
08/01/2021;20.35
11/01/2021;22.16
12/01/2021;26.5
13/01/2021;21.84
14/01/2021;21.38
15/01/2021;20.32
18/01/2021;19.13
19/01/2021;20.17
20/01/2021;19.98
21/01/2021;19.74
22/01/2021;21.61
25/01/2021;20.15
26/01/2021;19.56
27/01/2021;19.68
28/01/2021;20.79
29/01/2021;19.95
01/02/2021;18.04
02/02/2021;18.03
03/02/2021;17.92
04/02/2021;18.05
05/02/2021;18.3
08/02/2021;20.6
09/02/2021;19.83
10/02/2021;19.19
11/02/2021;18.06
12/02/2021;17.62
15/02/2021;16.38
16/02/2021;16.62
17/02/2021;16.46
18/02/2021;16.99
19/02/2021;16.41
22/02/2021;15.83
23/02/2021;15.9
24/02/2021;16.21
25/02/2021;15.87
26/02/2021;15.83
01/03/2021;16.43
02/03/2021;16.13
03/03/2021;15.96
04/03/2021;16.39
05/03/2021;16.73
08/03/2021;16.77
09/03/2021;17.14
10/03/2021;17.71
11/03/2021;18.04
12/03/2021;18.6
15/03/2021;18.4
16/03/2021;17.92
17/03/2021;18.61
18/03/2021;17.71
19/03/2021;17.78
22/03/2021;18.52
23/03/2021;18.51
24/03/2021;18.73
25/03/2021;18.1
26/03/2021;18.51
29/03/2021;18.27
30/03/2021;18.71
31/03/2021;19.19
01/04/2021;19.13
06/04/2021;20.41
07/04/2021;20.03
08/04/2021;19.54
09/04/2021;19.48
12/04/2021;20.72
13/04/2021;20.31
14/04/2021;20.41
15/04/2021;20.78
16/04/2021;21.04
19/04/2021;21.5
20/04/2021;21.48
21/04/2021;21.37
22/04/2021;21.68
23/04/2021;20.16
26/04/2021;20.44
27/04/2021;21.84
28/04/2021;21.91
29/04/2021;22.71
30/04/2021;23.45
04/05/2021;23.98
05/05/2021;25.01
06/05/2021;25
07/05/2021;24.14
10/05/2021;25.35
11/05/2021;26.04
12/05/2021;26.07
13/05/2021;26.37
14/05/2021;27.35
17/05/2021;26.98
18/05/2021;25.58
19/05/2021;23.2
20/05/2021;24.81
21/05/2021;24.79
24/05/2021;24.83
25/05/2021;26.32
26/05/2021;26.77
27/05/2021;25.43
28/05/2021;25.33
01/06/2021;26.13
02/06/2021;25.46
03/06/2021;26.02
04/06/2021;25.86
07/06/2021;26.7
08/06/2021;28.43
09/06/2021;28.01
10/06/2021;28.32
11/06/2021;27.9
14/06/2021;28.88
15/06/2021;28.15
16/06/2021;28.26
17/06/2021;28.56
18/06/2021;29.56
21/06/2021;29.91
22/06/2021;31.26
23/06/2021;32.03
24/06/2021;31.98
25/06/2021;32.2
28/06/2021;32.25
29/06/2021;33.65
30/06/2021;35.47
01/07/2021;36.67
02/07/2021;36.3
05/07/2021;37.72
06/07/2021;33.99
07/07/2021;32.71
08/07/2021;34.02
09/07/2021;36.88
12/07/2021;34.9
13/07/2021;35.39
14/07/2021;34.28
15/07/2021;33.9
16/07/2021;35.25
19/07/2021;36.18
20/07/2021;35.4
21/07/2021;36
22/07/2021;35.82
23/07/2021;35.66
26/07/2021;36.96
27/07/2021;37.72
28/07/2021;39.8
29/07/2021;41.25
30/07/2021;40.55
02/08/2021;42.11
03/08/2021;41.24
04/08/2021;41.82
05/08/2021;42.55
06/08/2021;43.01
09/08/2021;43.31
10/08/2021;44.62
11/08/2021;46.28
12/08/2021;45.59
13/08/2021;44.31
16/08/2021;47.74
17/08/2021;46.61
18/08/2021;44.81
19/08/2021;40.17
20/08/2021;41.58
23/08/2021;42.08
24/08/2021;45.2
25/08/2021;45.27
26/08/2021;45.2
27/08/2021;47.73
31/08/2021;50.43
01/09/2021;49.67
02/09/2021;51.54
03/09/2021;50.92
06/09/2021;52.07
07/09/2021;53.48
08/09/2021;54.69
09/09/2021;56.17
10/09/2021;58.23
13/09/2021;61.58
14/09/2021;66.05
15/09/2021;70.06
16/09/2021;60.69
17/09/2021;65.47
20/09/2021;73.39
21/09/2021;71.84
22/09/2021;68.5
23/09/2021;67.29
24/09/2021;68.19
27/09/2021;75.76
28/09/2021;78.12
29/09/2021;80.81
30/09/2021;85.4
01/10/2021;85.15
04/10/2021;89.47
05/10/2021;116.02
06/10/2021;100.99
07/10/2021;92.69
08/10/2021;80.29
11/10/2021;83.25
